prod_id,nb_cmd,qte,ca,prix,pays,clients,part_q4
15036,37,2112,1555.2,0.81,5,20,0.076
15044A,10,51,150.45,2.95,2,6,0.255
15056BL,41,287,1647.65,5.93,10,21,0.383
15056N,42,393,2218.35,5.9,8,22,0.333
15056P,24,220,1189.0,5.87,6,13,0.135
15058A,10,34,258.3,7.83,5,9,0.031
15058B,10,28,210.6,7.83,5,9,0.0
15060B,18,84,315.0,3.75,6,11,0.143
16045,11,2000,80.0,0.04,3,8,0.3
16156S,16,425,178.5,0.42,6,11,0.353
16161P,32,950,399.0,0.42,10,27,0.316
16161U,19,525,220.5,0.42,8,14,0.286
16169E,18,475,199.5,0.42,7,16,0.842
16235,12,722,151.62,0.21,4,12,0.169
16236,10,226,47.46,0.21,6,8,0.257
16237,21,591,124.11,0.21,5,13,0.162
17003,12,540,161.64,0.3,4,10,0.22
20665,16,97,286.15,2.95,5,15,0.062
20668,14,637,76.44,0.12,3,11,0.887
20674,21,227,283.75,1.25,8,19,0.181
20675,26,332,401.32,1.24,8,23,0.069
20676,48,614,753.82,1.25,10,32,0.192
20677,25,272,340.0,1.25,8,21,0.228
20679,37,344,1986.8,5.92,8,16,0.374
20681,10,63,204.75,3.25,5,9,0.286
20682,43,300,975.0,3.25,7,31,0.45
20685,79,427,3080.55,7.74,10,48,0.278
20711,25,394,730.92,2.04,7,18,0.342
20712,82,1185,2321.2,2.04,13,46,0.296
20713,34,683,1251.46,2.02,13,26,0.342
20717,24,381,457.25,1.24,10,19,0.26
20718,38,452,565.0,1.25,12,29,0.232
20719,108,1865,1520.25,0.84,12,56,0.212
20723,58,792,647.2,0.85,11,37,0.135
20724,128,2157,1755.45,0.84,13,65,0.225
20725,169,2997,4745.05,1.64,12,82,0.181
20726,109,1428,2316.2,1.65,12,56,0.12
20727,88,781,1288.65,1.65,8,43,0.311
20728,101,1232,2012.8,1.65,13,55,0.172
20749,54,160,1233.6,7.89,13,39,0.329
20750,91,475,3430.65,7.77,14,57,0.32
20751,21,207,434.7,2.1,6,14,0.246
20752,14,72,151.2,2.1,5,11,0.444
20754,32,466,860.52,2.05,6,20,0.093
20828,24,187,455.25,2.53,3,13,0.202
20829,17,128,268.8,2.1,3,9,0.227
20846,11,158,197.5,1.25,2,5,0.506
20914,82,1552,4264.8,2.88,9,35,0.238
20961,11,97,121.25,1.25,6,8,0.443
20963,13,132,165.0,1.25,7,11,0.303
20969,26,143,523.29,3.74,5,16,0.337
20970,24,126,459.54,3.74,5,12,0.351
20971,53,532,665.0,1.25,8,35,0.318
20972,49,551,688.75,1.25,7,33,0.343
20973,23,360,234.0,0.65,6,16,0.636
20974,24,707,459.55,0.65,7,17,0.141
20975,25,1257,817.05,0.65,6,22,0.187
20977,32,517,646.25,1.25,10,25,0.031
20978,22,270,337.5,1.25,6,18,0.47
20979,43,940,1126.36,1.24,9,32,0.195
20981,28,301,255.85,0.85,10,21,0.286
20982,14,114,96.9,0.85,5,12,0.386
20983,27,479,407.15,0.85,8,21,0.167
20984,21,363,114.79,0.39,7,17,0.182
20992,17,375,183.53,0.51,5,13,0.17
21034,62,156,148.2,0.95,3,38,0.41
21035,31,666,1899.5,3.13,7,21,0.129
21039,18,158,402.9,2.55,5,17,0.272
21041,14,117,345.15,2.95,4,10,0.137
21042,23,79,470.05,5.95,8,18,0.177
21055,15,41,366.95,8.95,9,12,0.366
21058,21,260,221.0,0.85,7,19,0.158
21059,12,129,109.65,0.85,8,11,0.093
21062,13,147,124.95,0.85,7,12,0.082
21063,11,120,102.0,0.85,5,8,0.133
21078,21,371,302.87,0.84,7,17,0.138
21080,119,2111,1721.15,0.84,14,76,0.216
21084,14,256,65.2,0.29,6,13,0.096
21086,70,1459,948.35,0.65,11,45,0.173
21088,12,228,59.88,0.3,4,11,0.152
21090,16,213,99.63,0.48,6,14,0.082
21094,72,1420,1141.48,0.84,11,48,0.172
21096,11,112,54.72,0.47,4,10,0.086
21098,12,145,181.25,1.25,4,9,0.345
21108,30,432,531.36,1.44,9,22,0.654
21110,11,82,323.1,5.88,7,9,0.563
21114,18,190,237.5,1.25,8,13,0.289
21116,12,44,217.8,4.95,4,8,0.318
21121,54,1298,1622.5,1.25,11,37,0.249
21122,40,889,1111.25,1.25,7,23,0.276
21123,11,154,192.5,1.25,3,7,0.357
21124,37,813,1016.25,1.25,9,26,0.325
21125,23,303,378.75,1.25,8,18,0.333
21126,15,149,186.25,1.25,8,12,0.107
21135,20,173,292.37,1.69,7,14,0.486
21136,31,398,672.62,1.69,5,22,0.53
21137,24,334,1166.1,3.66,5,12,0.388
21154,41,792,914.0,1.24,8,31,0.164
21155,39,378,922.5,2.48,6,22,0.326
21156,52,399,778.05,1.95,12,38,0.298
21162,10,109,74.31,0.92,3,8,0.252
21164,40,641,1746.95,2.91,8,25,0.203
21165,45,1273,1955.53,1.65,10,29,0.191
21166,60,1590,3058.34,2.04,5,26,0.129
21169,38,1444,2175.4,1.65,6,19,0.121
21172,39,430,623.5,1.45,8,28,0.43
21174,18,145,301.6,2.08,3,14,0.097
21175,62,669,1659.54,2.51,9,33,0.423
21179,14,176,128.84,0.76,3,11,0.116
21181,66,1118,2227.8,2.09,5,34,0.325
21207,16,145,239.25,1.65,7,16,0.455
21208,12,162,138.78,0.81,5,10,0.185
21209,11,294,172.5,0.64,7,9,0.231
21210,68,1553,2232.65,1.45,12,43,0.525
21211,12,370,536.5,1.45,6,12,0.859
21212,167,6043,3148.93,0.54,14,107,0.291
21213,54,1467,769.41,0.54,10,36,0.25
21216,42,480,2157.6,4.83,10,26,0.173
21217,39,204,1909.8,9.82,9,25,0.228
21218,36,597,2034.75,3.66,8,20,0.198
21224,15,181,226.25,1.25,3,9,0.337
21231,37,568,682.64,1.24,6,23,0.456
21232,80,1670,1978.06,1.23,11,39,0.391
21238,45,413,351.05,0.85,9,30,0.145
21239,21,192,163.2,0.85,8,20,0.146
21240,27,244,207.4,0.85,8,21,0.197
21242,36,358,605.02,1.69,11,27,0.179
21243,16,175,295.75,1.69,7,15,0.229
21244,18,163,275.47,1.69,7,16,0.0
21245,16,163,275.47,1.69,8,13,0.344
21249,32,276,790.2,2.92,11,27,0.19
21251,12,71,209.45,2.95,7,11,0.197
21257,14,37,294.15,7.95,5,6,0.703
21258,10,22,266.1,12.57,4,7,0.76
21259,25,121,647.95,5.83,4,12,0.33
21260,14,249,761.25,3.21,6,12,0.0
21314,16,149,312.9,2.1,6,14,0.43
21326,10,412,248.6,0.64,5,10,0.613
21328,20,162,267.3,1.65,7,17,0.228
21329,13,89,146.85,1.65,5,11,0.18
21340,27,133,1401.75,11.61,5,17,0.13
21354,10,122,152.5,1.25,5,9,0.41
21355,11,114,142.5,1.25,8,10,0.237
21380,30,377,1035.35,2.92,11,21,0.251
21381,19,884,1355.72,1.68,7,12,0.133
21385,10,123,104.55,0.85,4,10,0.39
21390,10,256,320.0,1.25,3,9,0.117
21394,18,576,243.36,0.56,8,15,0.048
21395,10,360,140.4,0.39,6,9,0.0
21403,15,391,46.92,0.12,5,10,0.368
21411,17,60,218.2,3.98,4,8,0.494
21428,22,95,395.75,4.23,8,15,0.548
21429,42,315,582.15,1.89,9,30,0.532
21430,47,194,727.5,3.75,10,33,0.464
21439,11,470,587.5,1.25,7,8,0.255
21452,27,184,523.6,2.94,9,26,0.355
21467,10,55,206.25,3.75,5,7,0.018
21469,13,75,281.25,3.75,4,6,0.253
21470,14,64,240.0,3.75,4,6,0.219
21471,15,74,277.5,3.75,5,8,0.027
21479,26,126,495.5,3.96,6,23,0.784
21481,51,393,1287.03,3.35,12,34,0.531
21484,32,190,722.3,3.86,7,24,0.649
21485,56,420,1927.8,4.91,11,35,0.436
21494,21,293,366.25,1.25,6,14,0.754
21495,11,275,115.5,0.42,4,9,0.545
21497,27,700,294.0,0.42,7,19,0.179
21498,45,1335,560.7,0.42,8,27,0.3
21499,30,950,387.0,0.42,10,25,0.457
21500,26,700,294.0,0.42,10,21,0.321
21506,32,480,201.6,0.42,7,23,0.35
21507,28,480,197.28,0.42,6,20,0.387
21508,13,156,65.52,0.42,3,9,0.154
21509,23,372,156.24,0.42,4,19,0.452
21519,24,504,203.04,0.42,5,9,0.174
21523,53,312,2247.9,7.83,6,23,0.145
21524,46,334,2382.45,7.72,9,21,0.207
21527,12,38,302.1,7.95,5,10,0.421
21531,34,254,626.1,2.52,7,19,0.353
21533,25,254,1248.9,4.92,7,19,0.083
21535,43,344,834.0,2.53,7,28,0.159
21537,11,66,280.5,4.25,6,7,0.758
21539,32,255,1161.45,4.88,6,17,0.128
21544,24,329,279.65,0.85,5,16,0.234
21558,43,256,652.8,2.55,5,26,0.277
21559,94,665,1668.75,2.55,10,54,0.22
21561,27,168,428.4,2.55,9,22,0.071
21576,11,56,126.0,2.25,7,10,0.446
21577,19,132,297.0,2.25,5,13,0.5
21578,29,254,571.5,2.25,10,25,0.146
21584,11,107,176.55,1.65,4,10,0.383
21588,15,108,275.4,2.55,3,9,0.574
21592,17,161,201.25,1.25,3,10,0.186
21615,10,122,167.5,1.5,6,10,0.642
21621,17,70,595.0,8.5,6,15,0.329
21623,10,17,169.15,9.95,3,8,0.588
21642,12,576,193.92,0.34,3,9,0.323
21658,14,89,338.11,3.91,3,9,0.012
21668,43,1034,1232.98,1.3,7,24,0.194
21669,28,462,601.26,1.36,10,19,0.358
21670,23,300,403.8,1.35,7,16,0.382
21671,28,385,511.45,1.34,9,21,0.355
21672,45,615,818.15,1.34,8,27,0.304
21673,30,404,541.0,1.34,8,21,0.349
21679,13,158,134.3,0.85,6,11,0.652
21680,27,511,434.35,0.85,5,23,0.2
21700,31,696,591.6,0.85,8,19,0.241
21703,23,3220,920.4,0.39,7,18,0.283
21704,29,422,358.7,0.85,6,16,0.526
21706,12,52,257.4,4.95,4,6,0.231
21715,16,201,498.15,2.52,10,15,0.082
21716,12,154,392.7,2.55,8,12,0.0
21731,149,2994,4853.7,1.65,14,78,0.461
21733,49,658,1785.9,2.86,10,29,0.568
21744,12,64,188.8,2.95,3,10,0.797
21745,14,71,266.25,3.75,4,8,0.0
21746,25,492,578.52,1.23,6,17,0.052
21754,49,261,1528.05,5.96,7,30,0.268
21755,29,131,768.95,6.02,6,24,0.223
21756,17,102,581.7,5.9,6,13,0.073
21770,48,234,1107.9,4.92,12,30,0.304
21786,13,532,194.64,0.4,7,11,0.216
21787,19,891,670.95,0.82,6,13,0.186
21788,10,195,165.75,0.85,6,10,0.246
21790,93,3261,2300.97,0.82,4,39,0.339
21791,62,1006,1257.5,1.25,10,46,0.42
21810,15,576,275.38,0.5,3,12,0.714
21829,27,1297,265.89,0.21,8,25,0.175
21832,14,173,285.45,1.65,9,11,0.584
21833,10,333,533.97,1.67,2,6,0.085
21843,77,436,4774.2,10.95,9,44,0.179
21844,22,216,637.2,2.95,8,15,0.25
21868,11,135,168.75,1.25,4,11,0.089
21870,10,89,111.25,1.25,2,8,0.539
21871,22,327,443.47,1.41,6,16,0.635
21872,13,286,321.02,1.21,4,9,0.236
21874,14,250,304.34,1.37,4,8,0.195
21877,28,479,620.19,1.34,6,17,0.467
21878,10,77,65.45,0.85,5,10,0.013
21880,28,424,198.32,0.55,7,23,0.295
21881,13,204,88.44,0.51,5,11,0.316
21883,23,437,173.65,0.55,6,20,0.386
21884,10,123,57.87,0.56,5,10,0.225
21888,37,407,1487.37,3.73,9,23,0.219
21889,46,1173,1466.25,1.25,9,31,0.361
21890,15,255,622.05,2.96,6,13,0.048
21891,32,1172,1371.32,1.35,8,24,0.167
21892,33,342,427.5,1.25,7,25,0.482
21899,13,144,93.6,0.65,2,10,0.278
21900,15,198,128.7,0.65,2,12,0.187
21901,11,122,79.3,0.65,2,8,0.27
21902,10,94,61.1,0.65,2,7,0.404
21906,21,135,885.65,6.71,11,16,0.091
21907,36,342,706.2,2.09,8,27,0.217
21908,33,697,1355.7,2.07,8,20,0.199
21912,33,420,1249.56,3.65,5,13,0.192
21913,11,47,176.25,3.75,4,8,0.426
21914,70,1249,1561.25,1.25,11,39,0.429
21915,76,1769,2165.65,1.25,11,40,0.339
21916,10,110,46.2,0.42,3,9,0.445
21917,14,557,233.94,0.42,6,13,0.127
21918,28,1021,411.54,0.42,10,24,0.167
21928,40,730,1349.74,2.03,7,25,0.347
21929,47,712,1348.28,2.02,9,29,0.247
21930,24,276,529.52,2.05,4,11,0.212
21931,56,695,1340.36,2.03,12,33,0.342
21932,30,220,420.2,2.04,9,22,0.045
21933,23,223,429.85,1.86,8,20,0.044
21935,18,167,275.55,1.65,8,17,0.365
21936,63,636,1796.2,2.93,11,35,0.021
21937,31,368,1005.6,2.9,9,22,0.009
21955,13,39,286.65,7.79,5,10,0.0
21967,17,516,165.24,0.33,7,17,0.227
21974,33,325,471.25,1.45,9,24,0.492
21975,67,1692,883.8,0.55,11,40,0.179
21976,50,1347,725.25,0.55,11,40,0.264
21977,88,3699,1894.05,0.54,14,63,0.307
21980,41,1333,414.27,0.32,11,27,0.227
21981,40,1118,339.92,0.31,11,32,0.275
21982,16,576,173.04,0.31,7,13,0.377
21983,14,708,224.52,0.31,5,12,0.334
21984,15,496,154.64,0.32,6,12,0.151
21985,30,729,228.21,0.32,5,21,0.226
21986,19,444,137.16,0.31,7,13,0.136
21987,29,363,235.95,0.65,6,21,0.336
21988,27,358,304.3,0.85,6,20,0.274
21989,31,384,326.4,0.85,7,23,0.292
21990,14,158,207.7,1.37,6,13,0.162
21992,17,109,166.85,1.53,7,14,0.406
21993,20,219,275.45,1.33,7,16,0.322
22024,16,348,137.52,0.41,5,9,0.298
22025,16,336,132.48,0.41,5,10,0.272
22027,56,792,328.32,0.42,9,35,0.2
22028,29,456,187.2,0.42,9,16,0.327
22029,77,1080,453.6,0.42,9,46,0.311
22030,30,480,197.28,0.42,5,20,0.204
22037,49,696,292.32,0.42,8,29,0.259
22045,34,1250,513.0,0.42,10,24,0.447
22046,13,400,168.0,0.42,6,11,0.125
22055,23,200,259.34,1.39,5,16,0.248
22059,21,248,228.72,1.17,6,14,0.388
22061,19,48,421.6,9.58,5,12,0.434
22063,17,132,254.04,2.42,6,14,0.197
22064,11,126,207.9,1.65,6,8,0.206
22065,11,370,173.98,0.68,3,7,0.659
22070,12,77,288.75,3.75,7,9,0.61
22071,10,50,187.5,3.75,6,10,0.84
22072,17,88,235.0,3.19,4,10,0.489
22073,10,88,312.72,3.68,6,7,0.221
22075,10,63,98.91,1.4,4,10,0.533
22077,102,1155,2024.85,1.75,12,59,0.357
22078,24,177,371.7,2.1,7,20,0.384
22079,23,184,303.6,1.65,6,18,0.424
22080,22,183,301.95,1.65,6,20,0.607
22081,13,120,198.0,1.65,5,12,0.167
22082,33,324,534.6,1.65,8,25,0.383
22083,39,404,1127.8,2.92,8,27,0.263
22084,24,212,609.4,2.93,3,19,0.0
22085,10,73,199.35,2.91,4,9,0.104
22086,84,1861,4977.95,2.86,6,48,0.751
22087,15,200,542.0,2.87,7,12,0.005
22088,18,234,626.3,2.88,7,12,0.168
22089,21,142,402.9,2.93,5,16,0.073
22090,75,945,2611.75,2.9,11,46,0.095
22094,13,158,62.48,0.45,3,11,0.282
22098,16,151,113.93,0.79,6,13,0.556
22099,13,220,161.52,0.62,8,12,0.097
22109,15,89,322.23,3.73,6,13,0.442
22110,17,118,300.9,2.55,5,11,0.576
22111,66,509,2301.15,4.9,9,36,0.568
22112,59,580,2619.0,4.89,7,27,0.488
22113,41,265,1033.29,4.03,8,24,0.706
22114,38,242,948.7,4.16,7,25,0.615
22115,13,103,122.41,1.45,3,13,0.218
22119,11,69,352.35,6.44,5,8,0.547
22120,17,77,731.35,9.78,6,14,0.204
22123,10,100,183.16,2.52,5,9,0.489
22128,14,228,285.0,1.25,9,14,0.184
22130,10,144,122.4,0.85,4,7,0.917
22131,19,144,280.8,1.95,7,10,0.375
22132,11,201,170.85,0.85,5,9,0.184
22138,127,602,2879.1,4.93,15,85,0.476
22139,135,818,3948.3,4.92,14,77,0.382
22141,41,287,602.7,2.1,6,27,0.78
22142,33,340,493.0,1.45,7,30,0.726
22144,48,401,842.1,2.1,7,38,0.746
22147,41,375,543.75,1.45,7,26,0.283
22148,17,175,341.25,1.95,6,15,0.069
22149,45,339,704.9,2.09,8,30,0.175
22150,44,455,839.25,1.92,7,26,0.549
22151,20,1016,426.72,0.42,6,15,0.076
22158,13,218,617.5,2.92,3,9,0.924
22161,11,468,88.92,0.19,5,8,0.769
22169,24,67,555.9,8.43,7,15,0.26
22170,10,52,331.8,6.59,2,7,0.0
22171,15,39,321.3,8.45,4,10,0.106
22173,20,188,547.3,3.02,6,14,0.403
22174,12,134,221.1,1.65,6,9,0.269
22175,16,112,330.4,2.95,4,11,0.839
22176,13,121,337.75,2.92,6,10,0.581
22178,70,1628,2335.08,1.44,7,29,0.434
22179,19,254,1541.7,6.5,6,11,0.264
22180,21,67,631.85,9.81,7,15,0.319
22181,12,209,177.65,0.85,6,8,0.483
22186,11,113,225.35,2.04,3,10,0.792
22187,12,135,286.25,2.52,2,10,0.807
22188,11,35,138.25,3.95,3,11,0.343
22189,29,149,588.55,3.95,7,19,0.329
22191,44,127,1048.9,8.44,8,27,0.386
22192,35,165,1320.9,8.35,8,22,0.23
22193,43,175,1416.1,8.38,7,23,0.375
22195,22,222,366.3,1.65,7,16,0.414
22196,23,289,245.65,0.85,7,17,0.401
22197,124,4579,3554.15,0.83,11,46,0.426
22199,21,95,340.75,3.68,5,16,0.376
22200,17,72,261.0,3.72,5,15,0.381
22203,16,74,247.5,3.44,6,14,0.242
22208,18,148,162.2,1.01,5,13,0.343
22209,16,155,178.67,1.14,5,13,0.13
22210,17,141,136.71,0.93,6,14,0.485
22211,14,119,108.61,0.89,5,11,0.558
22212,20,183,384.3,2.1,7,14,0.503
22215,26,139,1040.8,8.01,6,17,0.182
22220,12,42,316.5,8.66,5,10,0.591
22221,14,38,294.1,8.95,7,13,0.391
22222,18,114,384.3,4.45,5,16,0.392
22228,13,156,93.04,0.67,4,7,0.36
22232,12,234,214.38,0.86,9,10,0.516
22236,19,70,827.7,12.47,7,13,0.267
22243,19,427,685.35,1.64,7,16,0.125
22244,16,360,673.2,1.93,7,13,0.104
22262,15,288,244.8,0.85,5,10,0.042
22268,10,254,85.88,0.59,4,6,0.425
22269,10,217,91.51,0.48,3,3,0.682
22271,35,250,718.3,2.94,11,26,0.425
22273,40,304,858.4,2.93,13,32,0.66
22274,32,242,694.7,2.94,9,24,0.459
22276,10,67,170.85,2.55,5,8,0.119
22278,13,53,262.35,4.95,4,9,0.377
22282,12,36,444.6,12.6,6,6,0.627
22283,19,53,421.35,7.95,4,7,0.453
22294,10,288,360.0,1.25,5,10,0.417
22295,12,158,260.7,1.65,3,10,0.139
22296,22,498,821.7,1.65,5,17,0.177
22297,14,230,287.5,1.25,4,11,0.313
22300,18,138,351.9,2.55,7,14,0.522
22301,25,199,507.45,2.55,8,19,0.452
22302,40,386,935.7,2.52,6,30,0.229
22303,49,527,1279.05,2.51,6,29,0.251
22305,12,511,1108.65,2.48,4,9,0.0
22311,15,116,342.2,2.95,7,11,0.586
22312,25,203,598.85,2.95,8,13,0.512
22313,14,128,377.6,2.95,6,10,0.469
22314,18,138,431.1,3.06,5,11,0.507
22315,12,144,180.0,1.25,5,11,0.111
22317,12,67,197.65,2.95,7,10,0.269
22318,17,92,271.4,2.95,6,13,0.207
22319,11,204,99.48,0.61,5,10,0.373
22320,20,81,481.95,5.95,8,16,0.37
22325,10,46,227.7,4.95,6,9,0.261
22326,188,2244,6389.4,2.93,15,82,0.343
22327,20,121,356.95,2.95,4,14,0.24
22328,118,969,2839.35,2.95,13,60,0.283
22329,35,445,724.65,1.64,9,29,0.164
22331,39,410,657.3,1.64,8,28,0.354
22332,13,122,201.3,1.65,4,11,0.393
22333,53,849,1333.65,1.63,10,38,0.195
22334,13,105,173.25,1.65,5,12,0.076
22338,15,711,169.13,0.34,5,8,0.864
22340,17,352,165.12,0.53,8,12,0.823
22343,11,390,256.86,0.64,5,8,0.22
22348,36,1088,924.8,0.85,8,18,0.556
22352,75,560,1401.0,2.54,10,42,0.231
22354,10,165,575.55,3.64,5,6,0.242
22355,64,875,717.75,0.85,8,37,0.301
22356,66,746,634.1,0.85,10,35,0.304
22357,13,81,326.25,4.17,7,11,0.208
22358,12,93,274.35,2.95,4,10,0.075
22360,14,93,264.75,2.92,5,11,0.298
22363,10,283,738.85,2.87,5,7,0.0
22365,22,105,769.95,7.67,8,12,0.267
22366,22,90,673.2,7.8,8,16,0.303
22367,76,601,1141.95,1.94,14,55,0.273
22371,25,128,529.6,4.23,6,14,0.567
22372,14,51,213.15,4.23,5,9,0.462
22374,31,139,583.55,4.24,8,21,0.35
22375,16,81,337.05,4.23,6,10,0.252
22376,14,54,229.5,4.25,6,10,0.296
22377,16,190,311.5,1.85,7,16,0.135
22378,21,230,383.0,1.93,8,16,0.171
22379,45,422,873.7,2.09,8,20,0.286
22380,29,232,474.7,2.09,8,16,0.133
22381,31,265,544.0,2.09,8,13,0.154
22382,102,1276,2105.4,1.65,10,58,0.218
22383,72,851,1384.15,1.65,10,43,0.197
22384,102,1089,1776.85,1.65,11,51,0.146
22385,55,805,1563.13,2.04,9,32,0.24
22386,71,1707,3210.37,2.04,9,34,0.365
22390,11,150,161.94,1.5,4,10,0.496
22396,17,228,125.48,0.6,8,16,0.409
22398,38,481,296.81,0.66,9,29,0.256
22399,23,265,331.25,1.25,8,21,0.117
22400,18,198,159.78,0.72,7,15,0.176
22402,16,205,155.63,0.71,7,13,0.128
22403,15,181,81.63,0.45,5,15,0.463
22411,61,897,1704.6,2.03,9,36,0.211
22412,12,104,218.4,2.1,3,9,0.135
22413,53,574,1674.1,2.94,10,33,0.185
22416,20,356,516.2,1.45,10,19,0.135
22417,70,2451,1285.65,0.54,13,48,0.409
22418,25,706,600.1,0.85,8,20,0.255
22419,26,560,229.2,0.42,5,15,0.492
22421,10,187,72.54,0.41,2,9,0.815
22422,11,150,97.5,0.65,7,11,0.36
22423,267,2034,23514.3,12.4,18,119,0.319
22424,30,79,935.25,12.51,3,17,0.15
22425,11,67,309.25,4.82,3,6,0.016
22426,18,71,240.65,3.66,3,12,0.125
22427,39,165,951.75,5.91,6,23,0.075
22429,32,297,1172.25,4.23,5,18,0.025
22430,18,99,467.65,4.88,6,11,0.085
22431,44,294,573.3,1.95,8,28,0.041
22432,35,211,411.45,1.95,8,25,0.057
22433,25,143,278.85,1.95,7,17,0.0
22434,17,277,540.15,1.95,7,16,0.076
22435,31,700,819.9,1.23,7,18,0.276
22436,14,287,186.55,0.65,6,13,0.303
22437,28,533,453.05,0.85,7,20,0.231
22439,10,140,91.0,0.65,3,9,0.207
22440,12,312,131.04,0.42,6,10,0.141
22445,19,131,386.45,2.95,8,14,0.405
22449,16,93,311.55,3.35,6,13,0.269
22452,14,76,224.2,2.95,7,11,0.237
22456,21,80,396.0,4.95,3,16,0.187
22457,61,421,1241.95,2.95,6,39,0.413
22464,14,116,180.22,1.53,4,10,0.643
22465,17,166,252.4,1.5,4,9,0.68
22466,25,523,947.85,1.93,8,18,0.369
22467,61,1155,2605.05,2.42,10,30,0.307
22468,12,107,664.65,6.62,6,12,0.03
22469,64,764,1235.0,1.64,10,40,0.404
22470,40,317,915.95,2.94,4,24,0.37
22471,13,46,203.7,4.72,6,12,0.51
22472,18,83,362.85,4.62,7,9,0.55
22473,11,47,160.65,4.13,5,7,0.538
22474,13,39,166.05,4.49,7,11,0.404
22478,15,212,265.0,1.25,5,7,0.425
22481,10,66,62.58,1.17,3,7,0.38
22483,17,237,641.55,2.93,9,11,0.253
22485,17,37,471.75,12.75,7,16,0.189
22487,31,45,436.15,9.86,7,21,0.205
22488,17,133,219.45,1.65,3,13,0.391
22489,35,2654,1045.56,0.41,11,25,0.286
22491,21,953,753.89,0.83,9,17,0.358
22492,70,6481,4155.05,0.65,14,40,0.208
22493,17,196,323.4,1.65,4,14,0.622
22494,16,243,285.51,1.24,10,15,0.127
22499,16,67,398.65,5.95,5,13,0.134
22501,28,96,885.6,9.79,4,18,0.0
22502,23,262,1342.9,5.6,5,15,0.136
22504,13,31,640.45,22.95,5,12,0.54
22505,33,254,1156.5,4.91,6,26,0.214
22507,33,126,623.7,4.95,7,24,0.325
22508,19,61,228.75,3.75,6,16,0.623
22509,17,36,446.2,15.3,6,13,0.372
22520,11,110,93.5,0.85,5,10,0.009
22522,11,104,88.4,0.85,5,10,0.01
22523,10,92,78.2,0.85,5,10,0.0
22530,19,946,397.32,0.42,9,16,0.431
22531,18,938,359.4,0.42,7,14,0.197
22534,27,1334,514.2,0.42,9,23,0.224
22536,16,1942,694.68,0.39,5,11,0.163
22537,12,221,92.82,0.42,5,11,0.661
22539,21,697,292.74,0.42,10,18,0.207
22540,14,865,323.46,0.4,7,10,0.153
22544,24,1249,484.74,0.41,10,20,0.185
22548,20,721,672.29,1.17,5,14,0.039
22549,36,704,963.2,1.43,8,26,0.483
22550,33,336,1015.92,3.65,9,18,0.122
22551,116,2228,3580.2,1.64,14,71,0.237
22553,46,622,1007.1,1.65,8,33,0.364
22554,152,2735,4416.75,1.64,14,81,0.27
22555,85,1492,2385.0,1.64,12,54,0.32
22556,135,2200,3591.6,1.65,14,69,0.271
22557,57,728,1162.8,1.65,11,40,0.216
22558,84,1516,2262.36,1.57,11,51,0.274
22560,25,768,877.92,1.23,4,18,0.283
22561,43,1039,1584.75,1.63,9,27,0.188
22562,21,216,270.0,1.25,5,20,0.255
22563,28,295,368.75,1.25,6,26,0.292
22564,10,100,125.0,1.25,3,10,0.4
22567,29,395,513.91,1.37,10,18,0.418
22568,39,271,990.33,3.73,7,24,0.434
22569,37,236,876.36,3.74,8,24,0.231
22570,36,234,857.34,3.73,8,24,0.144
22571,30,398,338.3,0.85,9,24,0.751
22572,19,214,181.9,0.85,7,15,0.832
22573,21,343,291.55,0.85,6,17,0.843
22574,18,240,204.0,0.85,7,14,0.675
22575,10,62,120.9,1.95,5,9,0.823
22576,16,230,195.5,0.85,6,10,0.739
22577,50,1209,400.45,0.37,8,33,0.915
22578,49,1335,447.63,0.32,9,31,0.863
22579,38,809,283.33,0.36,9,28,0.723
22580,26,160,952.0,5.95,8,18,0.812
22582,10,523,1268.85,2.5,10,10,0.038
22583,12,125,318.75,2.55,8,11,0.136
22584,13,520,1261.2,2.52,9,11,0.044
22585,45,1601,1809.73,1.22,9,36,0.368
22588,10,60,167.28,2.82,7,10,0.518
22593,20,319,271.15,0.85,7,16,0.699
22594,14,218,185.3,0.85,7,11,0.67
22595,36,582,494.7,0.85,8,24,0.498
22596,21,390,429.02,1.05,3,15,0.493
22597,11,403,164.47,0.54,4,10,0.701
22600,18,280,238.0,0.85,7,15,0.636
22601,27,422,358.7,0.85,9,19,0.659
22602,16,228,193.8,0.85,5,15,0.456
22603,15,160,136.0,0.85,6,14,0.888
22605,34,103,1385.85,14.11,8,21,0.123
22606,14,35,481.45,15.04,5,13,0.066
22607,21,55,535.65,9.88,5,15,0.037
22609,14,792,152.64,0.19,5,11,0.368
22610,17,972,186.84,0.19,6,13,0.41
22613,21,367,299.47,0.84,8,18,0.139
22614,21,553,174.77,0.31,9,20,0.161
22615,13,660,215.4,0.31,7,12,0.261
22616,25,1200,403.2,0.33,4,18,0.56
22617,63,198,980.1,4.95,14,52,0.348
22619,37,206,772.5,3.75,10,31,0.442
22620,62,663,925.95,1.4,10,34,0.305
22621,40,729,1127.05,1.6,9,29,0.579
22622,31,103,1130.85,11.37,9,19,0.451
22623,32,263,1333.85,5.56,7,16,0.311
22624,84,309,2518.55,8.45,9,37,0.273
22625,72,347,2786.3,8.41,9,36,0.324
22626,25,106,850.0,8.43,6,18,0.16
22627,56,169,1395.7,8.47,10,30,0.341
22628,31,281,1278.95,4.93,9,26,0.135
22629,137,2071,3904.05,1.94,12,70,0.238
22630,104,1793,3285.15,1.93,14,59,0.165
22631,55,798,1517.7,1.94,12,43,0.269
22632,37,486,972.6,2.09,7,29,0.544
22633,20,136,285.6,2.1,4,16,0.831
22634,38,157,1434.55,9.64,10,35,0.239
22635,37,122,1155.9,9.83,10,30,0.222
22636,41,138,1125.4,8.35,9,32,0.39
22637,40,516,1175.4,2.49,10,26,0.121
22644,24,281,363.99,1.32,9,18,0.351
22645,22,185,229.03,1.35,5,17,0.259
22646,41,442,564.58,1.4,8,28,0.312
22649,30,242,1181.1,4.93,7,15,0.281
22650,16,144,208.8,1.45,7,12,0.458
22652,47,726,1197.9,1.65,10,30,0.091
22654,20,127,715.65,5.9,6,13,0.382
22659,43,509,973.35,1.94,7,33,0.319
22661,66,1162,922.7,0.84,11,43,0.271
22662,70,1290,2008.5,1.63,10,42,0.151
22663,31,221,453.7,2.05,6,19,0.298
22665,21,86,253.7,2.95,6,16,0.267
22666,92,1126,3196.9,2.91,12,48,0.2
22667,50,771,2053.65,2.91,8,28,0.207
22668,29,257,718.15,2.92,11,23,0.123
22669,31,222,634.9,2.94,8,23,0.251
22670,23,307,383.75,1.25,7,16,0.391
22672,12,300,456.6,1.63,5,10,0.065
22673,10,120,150.0,1.25,4,9,0.25
22674,12,375,414.03,1.22,5,8,0.0
22675,14,334,381.02,1.24,5,9,0.02
22689,18,96,709.5,7.77,5,14,0.555
22690,32,123,904.05,7.76,8,20,0.358
22692,55,226,1649.7,7.77,11,37,0.139
22693,36,2136,2193.36,1.22,9,22,0.055
22694,19,104,218.4,2.1,3,15,0.702
22696,12,78,152.1,1.95,3,8,0.679
22697,83,912,2508.0,2.88,10,42,0.242
22698,67,679,1878.25,2.89,8,32,0.279
22699,111,1730,4659.1,2.86,12,50,0.197
22704,44,1350,567.0,0.42,8,25,0.296
22705,16,400,168.0,0.42,5,11,0.375
22708,11,275,115.5,0.42,8,10,0.455
22711,15,600,236.0,0.41,8,15,0.133
22712,30,372,156.24,0.42,7,21,0.226
22713,16,228,95.76,0.42,3,13,0.263
22714,12,162,68.04,0.42,5,11,0.185
22715,14,198,83.16,0.42,7,10,0.091
22716,37,456,191.52,0.42,7,24,0.132
22720,139,1121,5296.95,4.9,18,72,0.241
22721,24,138,585.3,4.42,8,18,0.217
22722,59,572,2091.4,3.89,12,39,0.242
22723,24,162,568.8,3.68,6,17,0.091
22725,35,270,994.5,3.74,8,21,0.313
22726,105,700,2625.0,3.75,10,45,0.479
22727,107,947,3497.25,3.74,11,47,0.369
22728,115,1019,3767.25,3.74,10,47,0.4
22729,48,257,963.75,3.75,8,21,0.101
22730,34,249,915.75,3.74,8,25,0.438
22732,14,222,277.5,1.25,7,13,0.838
22733,11,172,215.0,1.25,5,11,0.895
22734,35,373,1049.17,2.88,7,27,0.755
22735,10,69,113.85,1.65,4,9,0.638
22736,15,119,196.35,1.65,6,14,0.706
22737,21,179,295.35,1.65,6,16,0.693
22738,13,100,165.0,1.65,4,11,0.85
22739,23,214,353.1,1.65,7,17,0.743
22740,19,960,816.0,0.85,6,14,0.05
22741,23,1296,1101.6,0.85,6,13,0.37
22742,17,104,280.88,2.83,8,15,0.139
22743,22,130,357.58,2.86,6,15,0.225
22744,22,169,453.43,2.83,7,16,0.223
22745,54,370,762.0,2.1,10,37,0.424
22746,42,287,587.7,2.09,9,32,0.375
22747,26,195,394.5,2.09,8,21,0.293
22748,54,399,822.9,2.1,8,32,0.316
22749,38,292,1043.16,3.72,9,24,0.687
22750,41,194,727.5,3.75,9,26,0.531
22751,28,103,386.25,3.75,9,24,0.67
22752,37,189,1436.1,8.31,12,30,0.57
22753,15,180,121.0,0.68,6,13,0.255
22754,17,181,121.85,0.7,6,16,0.672
22755,19,224,158.4,0.72,6,16,0.281
22756,12,141,165.07,1.11,4,11,0.144
22757,15,197,235.07,1.14,6,13,0.155
22758,13,209,229.43,1.05,7,11,0.194
22759,44,700,1135.8,1.65,13,35,0.513
22766,33,325,920.35,2.94,6,14,0.269
22767,17,44,437.8,9.95,5,7,0.295
22768,14,42,417.9,9.95,6,9,0.619
22771,20,245,306.25,1.25,6,13,0.416
22773,12,142,177.5,1.25,4,8,0.394
22774,10,144,180.0,1.25,5,6,0.583
22775,11,144,180.0,1.25,6,8,0.583
22776,43,121,1116.95,9.78,9,29,0.296
22779,21,188,751.0,4.2,9,14,0.387
22780,18,164,649.0,4.2,6,12,0.21
22781,20,48,367.2,7.65,6,14,0.375
22784,21,120,552.0,4.78,8,14,0.224
22791,15,246,307.5,1.25,3,11,0.171
22794,10,24,190.8,7.95,3,7,0.333
22795,27,264,1628.4,6.58,5,11,0.283
22796,21,55,547.25,9.95,4,10,0.345
22797,11,42,711.9,16.95,4,6,0.095
22798,14,101,297.95,2.95,5,10,0.287
22801,14,64,240.0,3.75,7,11,0.234
22804,33,396,1077.0,2.88,7,19,0.283
22805,12,146,182.5,1.25,6,9,0.329
22809,16,146,430.7,2.95,5,11,0.952
22810,11,134,395.3,2.95,5,9,0.813
22812,14,275,507.45,1.93,5,13,0.503
22813,16,306,567.9,1.93,5,10,0.347
22814,11,132,55.44,0.42,6,10,0.182
22815,12,168,70.56,0.42,6,11,0.214
22816,18,264,110.88,0.42,8,16,0.773
22818,16,360,151.2,0.42,6,15,0.8
22819,14,180,75.6,0.42,5,12,0.267
22821,12,172,111.8,0.65,4,8,0.093
22822,11,48,269.6,5.86,4,7,0.088
22831,21,262,715.3,2.93,9,16,0.049
22834,21,176,309.6,2.04,5,15,0.661
22835,30,118,566.7,4.8,3,14,0.541
22838,18,348,4489.8,14.09,8,9,0.163
22839,15,104,1361.2,14.22,4,8,0.066
22840,36,241,1735.95,7.84,9,23,0.149
22841,22,59,445.05,7.86,6,16,0.125
22842,23,161,981.15,6.51,7,14,0.062
22843,19,122,746.7,6.54,4,10,0.054
22844,24,53,450.5,8.5,9,18,0.245
22845,33,65,412.75,6.35,12,26,0.323
22846,51,116,1830.2,16.32,9,21,0.339
22847,60,166,2589.7,16.28,13,30,0.296
22848,14,30,472.5,16.38,6,10,0.46
22849,22,55,852.25,16.13,5,13,0.04
22851,40,450,382.5,0.85,8,25,0.222
22852,13,45,191.25,4.25,6,12,0.533
22857,13,384,307.68,0.84,7,12,0.166
22858,15,436,676.2,1.62,6,12,0.102
22859,19,306,483.3,1.64,8,16,0.307
22863,14,263,699.05,2.84,8,9,0.03
22865,42,480,984.0,2.09,7,27,0.668
22866,38,410,837.0,2.09,6,31,0.6
22867,33,347,713.7,2.09,7,22,0.853
22890,10,23,228.85,9.95,7,8,0.348
22891,18,78,319.5,4.22,6,15,0.08
22892,30,323,403.75,1.25,7,20,0.412
22893,11,696,275.04,0.41,6,9,0.0
22894,24,74,707.3,9.53,5,13,0.199
22895,52,495,1484.75,3.13,9,29,0.304
22896,21,257,587.85,2.51,6,15,0.322
22897,29,259,375.55,1.45,6,23,0.332
22898,54,438,839.1,1.94,9,33,0.337
22899,40,408,819.3,2.08,11,32,0.246
22900,39,310,968.5,3.12,6,28,0.312
22904,25,268,758.6,2.93,7,16,0.031
22906,18,157,259.05,1.65,5,14,0.185
22907,71,1640,1291.28,0.84,10,46,0.173
22908,60,1089,865.17,0.85,9,39,0.203
22909,57,1793,1382.93,0.84,9,35,0.5
22910,55,1200,3204.0,2.88,5,31,0.476
22913,12,51,252.45,4.95,6,8,0.196
22914,15,48,237.6,4.95,8,12,0.292
22915,29,840,345.6,0.42,10,24,0.277
22916,11,148,96.2,0.65,2,10,0.088
22917,15,173,112.45,0.65,2,11,0.145
22918,13,138,89.7,0.65,3,10,0.181
22919,14,163,105.95,0.65,2,11,0.153
22920,14,138,89.7,0.65,3,11,0.094
22921,10,102,66.3,0.65,2,9,0.245
22922,19,480,376.8,0.84,9,16,0.311
22923,16,432,336.0,0.83,9,13,0.5
22924,10,336,254.4,0.82,6,9,0.5
22925,11,30,178.5,5.95,4,10,0.033
22927,10,35,208.25,5.95,3,5,0.029
22930,14,87,221.85,2.55,6,14,0.069
22931,10,182,399.3,2.5,5,9,0.038
22932,11,393,850.95,2.43,4,7,0.024
22933,12,186,500.7,2.92,3,10,0.035
22934,13,175,468.25,2.89,5,13,0.113
22937,20,189,481.95,2.55,7,16,0.206
22938,14,302,588.9,1.95,8,14,0.162
22939,23,175,831.25,4.92,6,17,0.322
22940,43,204,867.0,4.25,9,33,0.755
22941,28,96,816.0,8.5,7,21,0.948
22942,11,41,276.35,7.49,5,7,0.877
22943,19,100,478.2,4.91,7,14,0.845
22944,10,522,234.54,0.56,4,6,0.761
22945,20,678,520.14,0.83,8,17,0.265
22947,18,90,841.5,10.45,7,11,0.919
22949,18,469,680.05,1.45,9,16,0.409
22950,16,1598,2115.5,1.41,4,10,0.059
22951,61,2312,1224.8,0.55,13,43,0.452
22952,46,3119,1465.85,0.53,8,27,0.445
22955,18,157,327.08,2.03,10,17,0.242
22956,21,218,445.8,2.09,11,19,0.402
22957,36,673,1802.95,2.89,11,27,0.0
22959,12,750,315.0,0.42,5,9,0.9
22960,105,1344,5337.0,4.08,16,59,0.155
22961,114,2748,3907.8,1.45,15,59,0.24
22962,37,581,468.89,0.84,11,27,0.3
22963,20,370,289.54,0.83,8,16,0.237
22964,43,441,890.1,2.09,11,34,0.347
22965,22,289,570.9,2.09,8,15,0.118
22966,69,1068,1280.28,1.24,11,42,0.382
22967,20,386,1021.1,2.89,7,14,0.0
22968,21,131,1187.45,9.74,6,15,0.149
22969,68,1404,1992.6,1.44,12,49,0.253
22970,29,239,609.45,2.55,6,23,0.49
22971,22,181,445.35,2.53,5,19,0.235
22972,21,237,391.05,1.65,6,16,0.304
22973,24,276,455.4,1.65,5,17,0.315
22974,17,184,303.6,1.65,5,14,0.196
22975,17,197,246.25,1.25,6,12,0.244
22976,17,205,256.25,1.25,4,8,0.293
22978,26,348,1261.8,3.69,7,13,0.107
22979,37,544,760.0,1.44,10,24,0.195
22980,22,358,561.9,1.62,6,14,0.115
22982,13,168,210.0,1.25,8,11,0.357
22983,27,384,161.28,0.42,8,21,0.188
22984,22,312,131.04,0.42,8,16,0.308
22985,14,750,291.0,0.41,5,10,0.108
22986,23,575,241.5,0.42,8,18,0.261
22988,21,248,310.0,1.25,3,16,0.351
22989,40,668,1963.8,3.19,10,32,0.159
22990,23,134,628.3,4.92,8,18,0.11
22991,34,500,975.0,1.95,6,25,0.216
22992,40,600,1170.0,1.95,7,29,0.225
22993,95,1360,1645.28,1.24,13,52,0.223
22996,12,224,94.08,0.42,4,7,0.321
22997,19,338,141.96,0.42,3,10,0.237
22998,29,684,287.28,0.42,4,16,0.363
22999,12,184,77.28,0.42,5,10,0.293
23000,16,298,125.16,0.42,6,11,0.161
23004,12,158,66.36,0.42,6,12,0.31
23007,36,155,2411.25,16.39,11,27,0.091
23008,30,158,2426.1,16.22,10,20,0.056
23010,22,110,1696.5,16.4,9,18,0.07
23012,17,131,475.45,3.77,5,13,0.722
23013,19,130,471.5,3.77,5,13,0.598
23014,12,90,325.5,3.78,4,11,0.4
23020,11,52,596.0,12.01,6,10,0.554
23028,17,379,577.35,1.63,8,14,0.037
23029,18,168,277.2,1.65,9,13,0.357
23031,19,168,277.2,1.65,6,13,0.25
23032,20,500,757.8,1.62,6,14,0.096
23035,21,235,340.75,1.45,6,14,0.562
23049,33,86,709.5,8.25,6,17,0.14
23050,23,66,544.5,8.25,6,14,0.061
23051,19,51,420.75,8.25,5,14,0.02
23052,30,74,610.5,8.25,9,22,0.135
23053,18,39,321.75,8.25,8,16,0.051
23054,21,56,462.0,8.25,7,12,0.018
23076,41,1368,1659.6,1.24,11,30,0.253
23077,33,1040,1300.0,1.25,9,26,0.308
23078,31,980,1225.0,1.25,9,22,0.216
23079,15,62,538.1,8.9,6,12,0.299
23080,29,83,684.75,8.25,10,24,0.542
23081,19,51,420.75,8.25,6,14,0.627
23082,30,261,956.67,3.74,6,25,0.525
23083,27,297,1069.59,3.72,4,18,0.61
23084,126,4325,7908.5,1.95,14,66,0.818
23092,10,25,197.5,7.9,4,9,0.24
23093,11,104,239.28,2.45,2,9,0.166
23096,14,156,243.0,1.64,3,12,0.251
23100,28,251,313.75,1.25,6,24,0.649
23101,23,342,275.94,0.83,6,19,0.639
23102,11,120,99.6,0.83,4,11,0.5
23103,29,472,778.8,1.65,4,25,0.629
23108,67,475,2710.75,6.1,10,45,0.346
23109,26,385,1074.25,2.87,7,19,0.334
23110,28,107,589.65,5.69,7,18,0.232
23111,23,44,533.2,12.41,5,11,0.281
23112,25,91,651.9,7.4,9,19,0.069
23113,11,48,237.6,4.95,6,8,0.875
23118,26,64,480.0,7.5,5,15,0.344
23119,18,234,145.08,0.62,7,17,0.222
23122,12,128,106.24,0.83,6,12,0.32
23126,23,112,554.4,4.95,6,16,0.402
23127,16,68,336.6,4.95,7,15,0.618
23129,19,138,553.5,4.13,7,15,0.7
23130,15,72,298.8,4.15,2,10,0.708
23131,13,305,1265.75,4.15,3,10,0.167
23132,15,60,335.4,5.7,4,13,0.206
23133,13,49,375.45,8.07,4,7,0.132
23144,32,687,554.37,0.83,9,17,0.618
23145,27,432,410.4,0.95,9,18,0.528
23146,28,140,451.0,3.28,7,18,0.511
23147,28,263,381.35,1.45,7,23,0.209
23148,26,334,277.22,0.83,7,19,0.263
23152,10,36,135.0,3.75,4,8,0.389
23154,31,473,983.84,2.08,11,17,0.205
23155,26,444,368.52,0.83,9,14,0.162
23156,29,388,807.04,2.08,9,16,0.343
23157,20,817,1588.96,2.06,7,15,0.424
23158,36,552,1148.16,2.08,6,16,0.326
23159,51,808,1680.64,2.08,12,27,0.298
23160,10,300,349.8,1.23,6,9,0.3
23161,12,408,459.6,1.22,6,10,0.163
23162,19,262,916.26,3.68,5,10,0.131
23163,21,440,997.2,2.39,5,10,0.19
23164,14,191,830.25,4.78,6,12,0.419
23165,24,347,543.75,1.63,4,17,0.249
23166,24,685,815.93,1.22,5,16,0.077
23167,22,477,369.03,0.82,6,18,0.413
23168,18,209,261.25,1.25,3,5,0.234
23169,28,194,783.5,4.11,4,16,0.256
23170,66,1195,1885.35,1.63,10,30,0.195
23171,51,937,1478.85,1.63,7,22,0.189
23172,46,833,1316.85,1.63,6,18,0.227
23173,69,422,3702.1,9.58,10,40,0.216
23174,68,596,2396.6,4.12,8,31,0.239
23175,58,513,1547.25,3.19,8,26,0.245
23176,33,264,594.0,2.25,12,27,0.155
23177,28,160,360.0,2.25,11,22,0.138
23178,11,66,190.74,2.89,6,11,0.091
23182,16,281,233.23,0.83,4,12,0.096
23183,10,48,180.0,3.75,5,8,0.125
23184,22,114,535.5,4.91,5,17,0.12
23186,14,745,443.57,0.41,4,9,0.137
23187,10,390,124.62,0.39,5,8,0.182
23188,20,172,283.8,1.65,5,16,0.326
23189,19,215,602.15,2.87,6,11,0.341
23190,17,207,341.55,1.65,5,15,0.246
23191,30,342,554.7,1.64,6,21,0.328
23192,31,428,677.4,1.63,7,20,0.295
23193,15,80,180.0,2.25,8,12,0.188
23194,25,147,328.03,2.24,10,21,0.185
23196,30,312,442.8,1.44,7,22,0.331
23197,27,293,424.85,1.45,6,15,0.481
23198,46,641,900.65,1.44,11,25,0.378
23199,87,1457,2885.56,2.06,11,49,0.152
23200,46,500,1040.0,2.08,10,32,0.266
23201,75,897,1835.46,2.07,12,38,0.297
23202,80,1327,2613.86,2.06,8,35,0.285
23203,103,1995,3859.6,2.06,13,57,0.422
23204,77,1099,921.15,0.85,9,38,0.313
23205,35,632,498.2,0.84,7,21,0.142
23206,110,1243,2050.95,1.65,13,60,0.223
23207,71,709,1169.85,1.65,8,39,0.312
23208,60,765,1262.25,1.65,9,30,0.268
23209,125,1850,3012.5,1.65,14,57,0.256
23210,22,877,1005.53,1.22,9,16,0.761
23211,16,639,738.27,1.23,7,11,0.675
23212,17,712,799.28,1.21,6,14,0.709
23213,17,544,619.52,1.23,6,14,0.697
23215,13,211,438.88,2.08,3,13,0.645
23221,10,125,103.75,0.83,6,10,0.808
23227,10,220,275.0,1.25,4,8,0.127
23229,33,431,1359.21,3.64,10,24,0.188
23230,30,1825,698.5,0.41,7,18,0.329
23231,59,1650,693.0,0.42,10,29,0.242
23232,21,1125,440.5,0.41,5,12,0.167
23233,22,575,241.5,0.42,5,16,0.043
23234,21,185,505.85,2.85,7,16,0.44
23235,16,123,336.27,2.87,6,13,0.103
23236,59,842,2337.38,2.86,13,40,0.264
23237,19,178,700.3,4.11,7,16,0.435
23238,31,346,1378.3,4.12,7,20,0.426
23239,16,115,458.05,4.12,6,15,0.136
23240,75,523,2132.05,4.14,15,51,0.402
23241,54,638,1293.92,2.07,11,34,0.295
23242,24,369,756.48,2.07,9,17,0.23
23243,56,386,1872.3,4.92,15,38,0.323
23244,20,166,309.3,1.93,8,17,0.34
23245,137,1281,5918.55,4.83,18,74,0.356
23247,34,304,835.36,2.85,8,25,0.83
23249,12,131,216.15,1.65,6,10,0.42
23250,18,242,302.5,1.25,6,11,0.496
23251,16,192,240.0,1.25,4,10,0.406
23252,15,72,270.0,3.75,5,10,0.208
23253,10,48,682.8,15.6,6,9,0.187
23254,70,385,1597.75,4.15,13,47,0.345
23255,44,354,1440.3,4.14,12,33,0.369
23256,76,500,2046.2,4.14,11,50,0.389
23263,30,438,527.34,1.24,7,24,0.689
23264,29,294,367.5,1.25,8,24,0.704
23265,23,216,270.0,1.25,6,18,0.819
23266,28,317,396.25,1.25,7,22,0.546
23267,20,248,310.0,1.25,8,16,0.468
23268,12,121,175.45,1.45,6,11,0.207
23269,14,178,258.1,1.45,6,12,0.798
23270,12,111,160.95,1.45,6,11,0.865
23271,12,345,268.43,0.82,6,10,0.414
23273,11,134,221.1,1.65,3,9,0.373
23275,28,346,432.5,1.25,9,22,0.506
23280,15,215,167.89,0.82,6,14,0.074
23281,11,156,129.48,0.83,6,8,0.154
23283,22,132,941.4,7.58,5,12,0.38
23284,45,212,1593.3,7.84,9,28,0.589
23285,24,396,324.12,0.84,11,18,0.199
23286,31,464,381.92,0.85,12,22,0.196
23287,33,491,404.87,0.85,11,25,0.193
23288,25,312,265.2,0.85,9,19,0.212
23289,43,385,481.25,1.25,10,32,0.358
23290,52,489,611.25,1.25,11,35,0.364
23291,40,339,423.75,1.25,10,29,0.383
23292,43,411,513.75,1.25,10,29,0.433
23293,60,2189,1718.31,0.82,13,36,0.408
23294,38,1237,942.23,0.81,9,21,0.367
23295,48,1454,1150.5,0.82,11,29,0.387
23296,38,1020,1221.24,1.24,12,28,0.299
23297,26,1539,2462.55,1.63,10,21,0.0
23298,111,1139,5198.05,4.91,11,59,0.177
23299,17,235,827.25,3.71,6,11,0.041
23300,35,348,555.0,1.64,4,24,0.411
23301,40,466,740.1,1.63,5,24,0.569
23302,16,189,269.71,1.49,3,11,0.229
23306,29,656,951.2,1.45,9,20,0.055
23307,80,2574,1368.9,0.55,11,54,0.339
23308,51,1632,897.6,0.55,9,34,0.173
23309,32,810,429.9,0.55,3,21,0.336
23310,28,2520,1036.8,0.42,8,16,0.233
23311,34,269,685.95,2.55,8,25,0.732
23312,14,110,456.5,4.15,4,11,0.418
23313,32,288,1345.6,4.9,6,21,0.904
23314,14,41,512.5,12.5,4,7,0.659
23316,11,35,326.65,9.79,6,8,0.335
23317,11,28,278.6,9.95,7,8,0.714
23318,38,730,1620.9,2.43,10,29,0.632
23319,54,872,1974.48,2.45,10,37,0.857
23320,37,445,1148.77,2.66,9,26,0.687
23321,36,280,462.16,1.65,6,24,0.525
23322,34,242,697.9,2.94,4,19,0.406
23323,15,87,182.7,2.1,4,12,0.517
23328,34,215,780.33,3.72,5,21,0.583
23329,15,130,214.5,1.65,3,9,0.792
23330,17,149,186.25,1.25,3,12,0.584
23332,19,170,280.5,1.65,2,12,0.718
23333,20,208,260.0,1.25,3,12,0.654
23341,12,67,528.7,8.36,8,10,0.257
23342,21,86,700.4,8.46,7,11,0.376
23343,35,393,817.44,2.08,5,26,0.695
23344,61,804,1643.32,2.08,10,40,0.778
23345,30,335,418.75,1.25,7,20,0.445
23346,30,319,398.75,1.25,9,23,0.47
23347,10,123,153.75,1.25,5,6,0.512
23348,18,134,268.28,2.06,4,11,0.512
23349,20,204,255.0,1.25,5,16,0.676
23350,22,228,285.0,1.25,7,19,0.553
23351,28,302,377.5,1.25,7,24,0.662
23352,13,131,163.75,1.25,4,12,0.588
23353,35,556,461.48,0.83,8,31,0.827
23354,31,383,317.89,0.83,8,26,0.812
23355,56,295,1421.85,4.92,7,36,0.854
23356,41,189,1076.55,5.9,6,27,0.768
23358,14,111,326.25,3.39,6,10,0.862
23360,13,192,352.8,1.93,3,10,0.42
23365,13,214,139.1,0.65,3,12,0.888
23366,13,165,107.25,0.65,5,12,0.891
23367,22,635,412.75,0.65,8,18,0.945
23368,23,666,432.9,0.65,7,16,0.976
23371,17,218,272.5,1.25,7,14,0.839
23372,20,262,327.5,1.25,6,16,0.817
23374,14,390,319.8,0.82,5,10,0.231
23377,10,252,98.28,0.39,5,10,0.571
23378,15,307,119.73,0.39,4,12,0.844
23380,11,408,159.12,0.39,5,10,0.765
23382,29,241,854.07,3.72,7,21,1.0
23388,35,188,780.2,4.15,8,29,0.569
23389,38,190,788.5,4.15,8,28,0.679
23390,25,107,444.05,4.15,8,19,0.692
23392,12,144,299.52,2.08,5,8,0.625
23393,15,64,240.0,3.75,7,14,0.656
23395,14,94,352.5,3.75,6,13,0.851
23396,13,89,333.75,3.75,5,12,0.865
23397,15,50,454.3,9.71,5,9,0.384
23404,13,65,321.75,4.95,3,9,0.769
23407,11,24,238.8,9.95,4,8,0.667
23415,11,94,107.22,1.31,4,9,0.969
23424,10,31,153.45,4.95,4,6,0.677
23426,13,92,265.88,2.89,5,10,0.739
23427,13,77,836.5,12.34,5,7,0.866
23432,18,408,338.64,0.83,8,15,0.294
23433,15,228,189.24,0.83,6,11,0.263
23434,13,145,140.35,0.89,6,11,1.0
23439,31,245,514.5,2.1,6,26,0.898
23445,29,800,664.0,0.83,6,20,0.725
23480,53,628,2244.6,3.72,14,42,1.0
23489,13,100,289.0,2.89,2,11,1.0
23493,39,528,1029.6,1.95,9,31,0.96
23494,27,235,1358.25,5.91,7,21,1.0
23497,21,233,337.85,1.45,10,17,1.0
23503,23,225,281.25,1.25,4,21,0.893
23504,17,132,165.0,1.25,3,17,0.818
23505,11,167,187.75,1.23,4,10,1.0
23506,19,623,261.66,0.42,8,18,0.968
23507,15,460,193.2,0.42,6,13,1.0
23508,10,434,182.28,0.42,6,9,1.0
23510,13,418,175.56,0.42,5,12,1.0
23511,12,67,139.36,2.08,9,12,1.0
23514,10,50,104.0,2.08,5,9,1.0
23515,11,56,116.48,2.08,7,11,1.0
23534,24,125,718.55,5.88,5,17,1.0
23535,12,43,255.85,5.95,3,11,1.0
23541,11,48,372.0,8.03,3,9,1.0
23543,12,23,189.75,8.25,6,12,1.0
23545,15,475,199.5,0.42,9,13,0.579
23546,20,600,252.0,0.42,9,17,0.5
23551,14,327,127.53,0.39,4,13,0.56
23552,12,67,139.36,2.08,5,9,1.0
23559,17,180,374.4,2.08,7,13,0.867
23566,10,136,170.0,1.25,6,9,1.0
23569,32,187,925.65,4.95,9,25,1.0
23570,28,253,316.25,1.25,5,25,1.0
23571,21,219,361.35,1.65,6,18,1.0
23581,22,402,778.16,2.06,6,20,1.0
23582,24,303,601.24,2.07,7,20,1.0
23583,32,304,501.6,1.65,7,26,1.0
23681,13,135,222.75,1.65,2,10,1.0
35471D,11,176,72.94,0.55,6,10,0.273
35810A,12,134,126.46,1.01,8,10,0.118
35953,11,480,187.2,0.39,5,8,1.0
35961,12,222,188.7,0.85,6,8,0.279
35970,42,691,1138.99,1.68,9,34,0.648
37446,22,173,244.45,1.44,7,16,0.261
37447,22,276,399.72,1.48,8,14,0.179
37448,23,259,385.91,1.49,6,10,0.247
37449,30,107,995.05,9.71,8,16,0.505
37450,22,159,454.65,2.92,5,12,0.162
37495,25,120,450.0,3.75,12,22,0.167
37500,15,130,663.5,5.62,6,10,0.425
37501,10,40,278.0,6.95,6,9,0.075
46000M,12,138,213.9,1.55,2,8,0.145
46000S,11,127,184.15,1.45,4,7,0.63
47503A,14,302,127.67,0.48,6,11,0.043
47504K,13,259,223.45,1.06,5,12,0.117
47559B,36,337,411.75,1.24,9,25,0.364
47566,111,1102,5001.6,4.86,13,61,0.187
47566B,23,204,947.1,4.87,9,16,0.0
47567B,23,92,547.4,5.95,7,14,0.554
47590A,50,195,1062.75,5.45,11,30,0.113
47590B,47,286,1478.7,5.42,13,28,0.074
47591D,54,383,731.85,1.94,13,33,0.333
47599A,20,389,734.9,2.06,8,17,0.034
47599B,16,220,421.0,2.07,5,12,0.259
48111,14,68,483.0,7.69,5,12,0.068
48116,16,87,611.25,7.49,4,11,0.24
48129,29,162,1150.8,7.67,7,16,0.178
48138,38,193,1422.75,7.76,6,23,0.326
48173C,11,37,283.65,7.9,5,8,0.201
48184,44,214,1560.0,7.72,8,30,0.2
48185,35,108,845.7,7.96,6,15,0.365
48187,53,200,1483.8,7.82,6,30,0.2
48188,33,105,795.15,7.91,9,20,0.305
48194,44,165,1240.05,7.87,7,26,0.343
51014A,17,708,347.88,0.55,6,12,0.296
51014C,15,408,208.8,0.51,6,10,0.381
51014L,17,348,190.92,0.58,6,11,0.245
71053,16,86,322.5,3.75,4,8,0.14
71459,34,1683,1262.07,0.81,7,17,0.097
71477,16,116,407.8,3.51,4,12,0.522
72741,32,990,1305.9,1.4,10,23,0.692
72760B,14,53,503.99,9.85,5,11,0.316
72800E,10,74,151.38,2.28,4,8,0.113
72802B,11,252,463.08,3.94,3,6,0.595
72802C,10,331,534.83,3.91,3,6,0.745
72807A,12,37,157.25,4.25,5,9,0.162
72807B,13,48,204.0,4.25,4,6,0.375
72807C,13,45,191.25,4.25,5,8,0.533
72817,10,207,180.09,0.88,5,6,0.904
79190A,13,180,75.6,0.42,3,6,0.278
79190B,13,195,81.9,0.42,3,5,0.231
79190D,11,146,61.32,0.42,3,6,0.308
79191C,13,158,134.3,0.85,6,12,0.152
79321,44,797,3982.75,5.3,4,18,0.382
82482,59,392,1035.2,2.64,7,40,0.377
82483,37,245,1471.75,6.49,5,19,0.473
82484,62,274,2002.2,7.61,9,25,0.267
82486,44,134,1175.1,8.85,5,18,0.445
82494L,49,351,1006.65,2.94,6,27,0.581
82551,21,157,227.65,1.45,4,15,0.395
82552,13,133,192.85,1.45,3,8,0.241
82567,16,67,140.7,2.1,4,14,0.269
82578,11,201,110.55,0.55,3,7,0.622
82580,29,1146,597.8,0.55,5,14,0.221
82581,20,278,152.9,0.55,4,10,0.594
82582,34,339,711.9,2.1,6,19,0.448
82583,38,905,1756.5,2.06,6,25,0.26
82600,43,673,1321.62,2.06,6,24,0.233
84012,11,397,398.65,1.31,5,8,0.514
84029E,28,196,760.16,3.99,6,20,0.783
84029G,21,191,698.69,3.91,5,17,0.925
84030E,22,164,661.0,4.18,8,15,0.679
84032A,10,73,215.35,2.95,3,6,0.589
84050,30,790,1073.1,1.56,8,19,0.388
84077,69,7489,2010.53,0.28,9,36,0.302
84078A,10,37,1328.15,38.45,4,8,0.301
84212,14,1350,656.7,0.63,4,9,0.0
84279P,23,107,396.93,3.74,8,15,0.254
84347,29,824,1939.2,2.5,7,20,0.89
84356,13,126,671.7,5.87,4,8,0.289
84375,60,927,1946.7,2.1,11,39,0.351
84378,55,908,1185.6,1.33,11,39,0.217
84380,55,897,1101.53,1.3,12,38,0.209
84406B,18,196,714.2,3.88,5,9,0.442
84509A,19,94,352.5,3.75,6,14,0.468
84509B,13,61,228.75,3.75,6,9,0.525
84509G,13,72,197.5,2.98,4,10,0.563
84510A,14,132,165.0,1.25,6,10,0.303
84535B,17,450,226.26,0.62,6,13,0.445
84536A,18,212,89.04,0.42,7,13,0.67
84536B,11,625,208.1,0.4,3,7,0.467
84558A,10,140,413.0,2.95,3,6,0.471
84580,13,41,153.75,3.75,4,9,0.488
84596B,37,519,244.54,0.49,6,21,0.374
84596F,28,409,185.06,0.48,6,18,0.345
84596G,10,87,43.18,0.5,5,8,0.34
84692,53,1266,531.72,0.42,6,28,0.245
84755,36,792,500.4,0.65,6,25,0.052
84792,14,74,344.1,4.65,5,9,0.527
84817,14,195,164.7,1.49,5,10,0.419
84819,12,101,154.37,2.82,5,9,0.493
84828,14,205,247.13,1.24,7,10,0.061
84832,14,192,163.2,0.85,6,11,0.312
84836,27,287,358.75,1.25,7,22,0.157
84843,11,37,196.75,5.83,5,9,0.302
84879,110,2558,4284.62,1.69,12,63,0.356
84945,23,468,397.8,0.85,5,14,0.462
84946,52,1192,1407.92,1.23,5,32,0.603
84947,10,186,218.82,1.23,2,8,0.206
84949,16,539,802.95,1.59,2,7,0.85
84970L,23,314,316.3,0.99,9,16,0.095
84970S,31,606,515.1,0.85,7,20,0.099
84978,47,990,1141.74,1.22,5,22,0.139
84987,34,475,688.75,1.45,10,27,0.131
84988,45,1021,1422.85,1.44,13,38,0.289
84991,76,3209,1593.35,0.54,11,47,0.325
84992,62,2096,1059.2,0.54,12,37,0.447
84997A,28,254,1018.1,4.08,11,23,0.292
84997B,49,419,1654.85,4.08,10,39,0.346
84997C,45,292,1167.4,4.07,14,38,0.286
84997D,73,512,2080.8,4.1,17,53,0.385
85014A,34,162,915.9,5.92,7,24,0.208
85014B,47,314,1772.3,5.91,9,30,0.265
85015,14,267,202.05,1.06,7,11,0.502
85017B,14,221,139.26,0.51,9,12,0.329
85032A,12,160,260.6,1.13,5,9,0.502
85032B,12,237,301.95,1.01,6,9,0.364
85034C,10,113,159.25,2.15,5,9,0.973
85040A,12,68,112.2,1.65,5,10,0.294
85048,29,225,1632.75,7.64,5,15,0.577
85049A,20,173,216.25,1.25,5,16,0.751
85049C,26,221,276.25,1.25,7,19,0.253
85049D,14,135,168.75,1.25,6,11,0.0
85049E,42,468,585.0,1.25,7,31,0.444
85049G,26,368,432.64,1.24,6,17,0.176
85049H,13,135,168.75,1.25,4,10,0.259
85053,31,230,483.0,2.1,8,16,0.222
85059,10,34,107.5,3.5,3,7,0.209
85066,32,68,867.0,12.75,7,21,0.265
85099B,173,3115,5967.5,2.03,14,79,0.204
85099C,39,744,1352.85,2.01,8,26,0.403
85099F,52,880,1672.62,2.03,8,29,0.194
85123A,169,3261,8723.95,2.84,11,62,0.412
85150,23,193,492.15,2.55,5,13,0.477
85152,31,244,512.4,2.1,4,21,0.385
85175,12,800,309.12,0.41,4,9,0.528
85184C,10,95,189.05,2.57,5,10,0.174
85199S,14,344,144.48,0.42,5,12,0.605
85206A,10,110,181.5,1.65,6,10,0.218
85227,20,303,232.35,0.84,6,17,0.377
85232D,19,72,339.6,4.91,9,13,0.408
C2,99,99,5025.0,50.76,3,4,0.388
M,26,119,28635.74,794.15,8,19,0.584
POST,649,1876,42329.5,23.78,18,180,0.38
